Date,Open,High,Low,Close,Adj_Close,Volume,Year,Week_Date
2010-02-01,53.619999,53.779999,53.310001,53.48,40.977615,11019500,2010,2010-02-05
2010-02-02,53.59,53.720001,53.330002,53.490002000000004,40.985275,11387900,2010,2010-02-05
2010-02-03,53.73,54.5,53.639998999999996,54.27,41.582928,17988900,2010,2010-02-05
2010-02-04,53.880001,54.299999,52.959998999999996,52.970001,40.58683,21029900,2010,2010-02-05
2010-02-05,52.77,53.529999,52.759997999999996,53.450001,40.95462,15545800,2010,2010-02-05
2010-02-08,53.380001,53.540001000000004,52.919998,52.93,40.556179,10505900,2010,2010-02-12
2010-02-09,53.209998999999996,53.619999,52.82,53.25,40.801384000000006,10825000,2010,2010-02-12
2010-02-10,53.27,53.5,52.959998999999996,53.240002000000004,40.793713000000004,9408400,2010,2010-02-12
2010-02-11,53.130001,53.450001,52.91,53.080002,40.671131,11579600,2010,2010-02-12
2010-02-12,53.110001000000004,53.110001000000004,52.66,52.900002,40.533198999999996,17038400,2010,2010-02-12
2010-02-16,53.240002000000004,53.720001,52.900002,53.560001,41.038918,15771200,2010,2010-02-19
2010-02-17,53.689999,54.25,53.650002,54.060001,41.422028000000005,15534200,2010,2010-02-19
2010-02-18,53.200001,53.5,52.91,53.470001,40.969947999999995,29457500,2010,2010-02-19
2010-02-19,53.189999,53.580002,53.07,53.490002000000004,40.985275,15090400,2010,2010-02-19
2010-02-22,53.52,53.919998,53.34,53.830002,41.245777000000004,12097200,2010,2010-02-26
2010-02-23,53.75,54.080002,53.450001,53.619999,41.084877,14138000,2010,2010-02-26
2010-02-24,53.740002000000004,53.950001,53.48,53.919998,41.314754,10624200,2010,2010-02-26
2010-02-25,53.459998999999996,54.279999,53.25,54.150002,41.490982,13510100,2010,2010-02-26
2010-02-26,54.220001,54.240002000000004,53.5,54.07,41.429668,15952900,2010,2010-02-26
2010-03-01,54.040001000000004,54.130001,53.540001000000004,53.900002,41.299423,12128700,2010,2010-03-05
2010-03-02,53.830002,53.889998999999996,53.470001,53.59,41.061890000000005,14081700,2010,2010-03-05
2010-03-03,53.349998,53.75,53.150002,53.66,41.115524,11631200,2010,2010-03-05
2010-03-04,54.02,54.09,53.75,53.959998999999996,41.345397999999996,11211800,2010,2010-03-05
2010-03-05,53.970001,54.169998,53.5,54.139998999999996,41.483315000000005,11375100,2010,2010-03-05
2010-03-08,54.009997999999996,54.279999,53.93,54.150002,41.490982,7556700,2010,2010-03-12
2010-03-09,54.119999,54.5,53.919998,54.060001,41.422028000000005,12584600,2010,2010-03-12
2010-03-10,53.669998,54.02,53.529999,53.630001,41.323784,12697000,2010,2010-03-12
2010-03-11,53.639998999999996,53.990002000000004,53.529999,53.970001,41.585758,10673900,2010,2010-03-12
2010-03-12,54.16,54.240002000000004,53.790001000000004,53.900002,41.531822,10477900,2010,2010-03-12
2010-03-15,54.389998999999996,55.540001000000004,54.349998,55.419998,42.703041,24373900,2010,2010-03-19
2010-03-16,55.880001,56.27,55.599998,55.990002000000004,43.14225,18453000,2010,2010-03-19
2010-03-17,56.049999,56.130001,55.66,55.919998,43.088291,12495200,2010,2010-03-19
2010-03-18,55.889998999999996,55.950001,55.540001000000004,55.939999,43.103714000000004,9472200,2010,2010-03-19
2010-03-19,55.34,56.27,55.150002,55.34,42.641388,17184100,2010,2010-03-19
2010-03-22,55.310001,55.939999,55.130001,55.619999,42.857136,9874100,2010,2010-03-26
2010-03-23,55.630001,56.0,55.610001000000004,55.889998999999996,43.065189000000004,9369300,2010,2010-03-26
2010-03-24,55.73,56.0,55.43,55.580002,42.826321,8698900,2010,2010-03-26
2010-03-25,55.630001,55.990002000000004,55.599998,55.610001000000004,42.849445,9793100,2010,2010-03-26
2010-03-26,55.610001000000004,55.959998999999996,55.470001,55.509997999999996,42.772377,9947300,2010,2010-03-26
2010-03-29,55.5,55.75,55.43,55.740002000000004,42.949619,9776500,2010,2010-04-02
2010-03-30,55.779999,56.049999,55.66,55.91,43.080601,6941300,2010,2010-04-02
2010-03-31,55.810001,55.900002,55.5,55.599998,42.841732,9966900,2010,2010-04-02
2010-04-01,55.75,55.849998,55.169998,55.490002000000004,42.756981,11788100,2010,2010-04-02
2010-04-05,55.700001,55.73,55.220001,55.490002000000004,42.756981,10748800,2010,2010-04-09
2010-04-06,55.439999,55.630001,55.290001000000004,55.529999,42.787791999999996,9567200,2010,2010-04-09
2010-04-07,55.5,55.900002,55.139998999999996,55.279999,42.595161,12935200,2010,2010-04-09
2010-04-08,55.290001000000004,55.700001,55.16,55.380001,42.672215,11139700,2010,2010-04-09
2010-04-09,55.380001,55.380001,54.630001,55.07,42.43335,12535100,2010,2010-04-09
2010-04-12,55.02,55.099998,54.580002,55.02,42.394825,11954300,2010,2010-04-16
2010-04-13,54.91,55.209998999999996,54.66,54.720001,42.163658,12851100,2010,2010-04-16
2010-04-14,54.630001,54.91,54.34,54.639998999999996,42.10202,14686900,2010,2010-04-16
2010-04-15,54.150002,54.360001000000004,53.919998,54.130001,41.709045,17659300,2010,2010-04-16
2010-04-16,54.110001000000004,54.59,53.84,54.110001000000004,41.69363,19232000,2010,2010-04-16
2010-04-19,54.0,54.48,54.0,54.389998999999996,41.909382,11315600,2010,2010-04-23
2010-04-20,54.490002000000004,54.82,54.380001,54.52,42.00956,9092300,2010,2010-04-23
2010-04-21,54.439999,54.57,54.18,54.470001,41.971043,11499300,2010,2010-04-23
2010-04-22,54.369999,54.650002,54.150002,54.490002000000004,41.986439000000004,10921200,2010,2010-04-23
2010-04-23,54.470001,54.610001000000004,53.919998,54.529999,42.017262,16595800,2010,2010-04-23
2010-04-26,54.529999,54.700001,54.009997999999996,54.040001000000004,41.639702,14751000,2010,2010-04-30
2010-04-27,53.599998,54.419998,53.529999,54.040001000000004,41.639702,19174600,2010,2010-04-30
2010-04-28,53.919998,54.099998,53.52,53.610001000000004,41.308369,14904200,2010,2010-04-30
2010-04-29,53.66,54.23,53.549999,53.700001,41.377716,13320000,2010,2010-04-30
2010-04-30,53.82,54.150002,53.639998999999996,53.639998999999996,41.331478000000004,16279400,2010,2010-04-30
2010-05-03,53.880001,53.950001,53.470001,53.740002000000004,41.408539000000005,12301000,2010,2010-05-07
2010-05-04,53.59,54.57,53.549999,54.02,41.624287,18670900,2010,2010-05-07
2010-05-05,54.110001000000004,54.950001,53.82,54.77,42.202183000000005,16609900,2010,2010-05-07
2010-05-06,54.349998,54.779999,51.529999,53.23,41.015568,24067500,2010,2010-05-07
2010-05-07,53.040001000000004,53.619999,51.799999,52.400002,40.376022,28945100,2010,2010-05-07
2010-05-10,53.060001,53.240002000000004,51.830002,52.580002,40.514706,27090300,2010,2010-05-14
2010-05-11,52.349998,52.77,52.169998,52.459998999999996,40.422245000000004,19623300,2010,2010-05-14
2010-05-12,52.5,52.560001,52.130001,52.48,40.672199,13610100,2010,2010-05-14
2010-05-13,52.630001,52.970001,52.360001000000004,52.400002,40.610195000000004,12458000,2010,2010-05-14
2010-05-14,52.41,52.700001,52.02,52.119999,40.393184999999995,18648300,2010,2010-05-14
2010-05-17,52.41,52.919998,52.040001000000004,52.73,40.865932,16945400,2010,2010-05-21
2010-05-18,53.32,54.450001,53.200001,53.709998999999996,41.625434999999996,32227700,2010,2010-05-21
2010-05-19,53.529999,53.759997999999996,52.790001000000004,53.040001000000004,41.106196999999995,20418700,2010,2010-05-21
2010-05-20,52.369999,52.959998999999996,51.299999,51.299999,39.757687,27256000,2010,2010-05-21
2010-05-21,50.73,51.369999,50.509997999999996,51.369999,39.811932,24548600,2010,2010-05-21
2010-05-24,51.040001000000004,51.540001000000004,50.900002,51.0,39.525188,13557800,2010,2010-05-28
2010-05-25,50.25,50.5,50.0,50.279999,38.967178000000004,24062400,2010,2010-05-28
2010-05-26,50.360001000000004,50.599998,50.009997999999996,50.02,38.765682,19078100,2010,2010-05-28
2010-05-27,50.52,50.73,50.32,50.700001,39.292685999999996,13980400,2010,2010-05-28
2010-05-28,50.75,50.93,50.5,50.560001,39.184189,14019500,2010,2010-05-28
2010-06-01,50.799999,51.509997999999996,50.52,50.919998,39.463181,16053600,2010,2010-06-04
2010-06-02,51.23,51.740002000000004,51.02,51.720001,40.083191,13665800,2010,2010-06-04
2010-06-03,51.73,52.080002,51.48,51.720001,40.083191,10509100,2010,2010-06-04
2010-06-04,51.41,51.700001,50.220001,50.400002,39.060188000000004,24041900,2010,2010-06-04
2010-06-07,50.459998999999996,51.369999,50.32,50.740002000000004,39.323681,19500600,2010,2010-06-11
2010-06-08,50.790001000000004,50.98,50.529999,50.779999,39.354679,20315500,2010,2010-06-11
2010-06-09,50.959998999999996,51.360001000000004,50.59,50.990002000000004,39.517433000000004,16530900,2010,2010-06-11
2010-06-10,51.209998999999996,51.68,51.060001,51.220001,39.69569,15850500,2010,2010-06-11
2010-06-11,50.970001,51.27,50.549999,50.860001000000004,39.416691,14027400,2010,2010-06-11
2010-06-14,51.110001000000004,51.459998999999996,50.889998999999996,51.240002000000004,39.711182,13900100,2010,2010-06-18
2010-06-15,51.200001,51.650002,51.060001,51.639998999999996,40.021183,14310800,2010,2010-06-18
2010-06-16,51.5,51.580002,50.919998,50.98,39.509693,15900700,2010,2010-06-18
2010-06-17,51.049999,51.490002000000004,50.959998999999996,51.41,39.842934,12667300,2010,2010-06-18
2010-06-18,51.41,51.91,51.41,51.549999,39.951439,25425800,2010,2010-06-18
2010-06-21,51.709998999999996,51.880001,50.709998999999996,51.02,39.540688,14655200,2010,2010-06-25
2010-06-22,51.07,51.470001,50.599998,50.68,39.27718,13658200,2010,2010-06-25
2010-06-23,50.759997999999996,51.040001000000004,50.400002,50.810001,39.377941,15945900,2010,2010-06-25
2010-06-24,50.73,50.830002,49.950001,50.029999,38.773426,14819200,2010,2010-06-25
2010-06-25,49.950001,50.200001,48.799999,48.799999,37.820187,45333200,2010,2010-06-25
2010-06-28,49.060001,49.77,49.009997999999996,49.57,38.416934999999995,14697200,2010,2010-07-02
2010-06-29,49.169998,49.259997999999996,48.43,48.900002,37.897690000000004,20350800,2010,2010-07-02
2010-06-30,48.959998999999996,48.970001,48.009997999999996,48.07,37.254428999999995,18388800,2010,2010-07-02
2010-07-01,48.099998,48.41,47.77,48.34,37.463673,18114400,2010,2010-07-02
2010-07-02,48.439999,48.439999,47.84,48.0,37.200171999999995,13581300,2010,2010-07-02
2010-07-06,49.34,49.439999,48.259997999999996,48.57,37.64193,18225600,2010,2010-07-09
2010-07-07,48.66,48.970001,48.16,48.919998,37.913174,16176200,2010,2010-07-09
2010-07-08,49.32,49.32,48.790001000000004,49.18,38.114677,12650000,2010,2010-07-09
2010-07-09,49.25,49.549999,49.150002,49.43,38.308426000000004,11607200,2010,2010-07-09
2010-07-12,49.779999,50.330002,49.68,50.119999,38.843182,13440900,2010,2010-07-16
2010-07-13,50.349998,50.689999,50.099998,50.540001000000004,39.168682000000004,13219800,2010,2010-07-16
2010-07-14,50.049999,50.360001000000004,50.040001000000004,50.349998,39.021427,10708300,2010,2010-07-16
2010-07-15,50.34,50.439999,49.91,50.41,39.067924,12255600,2010,2010-07-16
2010-07-16,50.150002,50.330002,49.52,49.669998,38.494419,15922200,2010,2010-07-16
2010-07-19,49.720001,49.810001,49.09,49.52,38.378178000000005,11896000,2010,2010-07-23
2010-07-20,49.259997999999996,51.029999,49.259997999999996,50.880001,39.432198,16283900,2010,2010-07-23
2010-07-21,51.0,51.0,50.110001000000004,50.349998,39.021427,12311100,2010,2010-07-23
2010-07-22,50.549999,51.09,50.509997999999996,50.860001000000004,39.416691,11984200,2010,2010-07-23
2010-07-23,50.91,51.810001,50.900002,51.669998,40.044426,13046400,2010,2010-07-23
2010-07-26,51.669998,51.669998,50.91,51.130001,39.625946,14112100,2010,2010-07-30
2010-07-27,50.799999,51.299999,50.66,50.959998999999996,39.494178999999995,12295200,2010,2010-07-30
2010-07-28,50.799999,51.389998999999996,50.799999,51.130001,39.625946,9328500,2010,2010-07-30
2010-07-29,51.23,51.779999,50.799999,51.060001,39.571690000000004,9630500,2010,2010-07-30
2010-07-30,50.610001000000004,51.25,50.5,51.189999,39.672424,13551400,2010,2010-07-30
2010-08-02,51.549999,51.700001,50.950001,51.41,39.842934,13861000,2010,2010-08-06
2010-08-03,51.25,51.650002,51.029999,51.290001000000004,39.749924,10668600,2010,2010-08-06
2010-08-04,51.040001000000004,51.709998999999996,51.009997999999996,51.599998,39.990189,8068900,2010,2010-08-06
2010-08-05,51.639998999999996,51.669998,51.220001,51.619999,40.005688,7439000,2010,2010-08-06
2010-08-06,51.419998,51.790001000000004,51.110001000000004,51.790001000000004,40.137444,8270300,2010,2010-08-06
2010-08-09,51.830002,52.34,51.799999,52.060001,40.346676,8265400,2010,2010-08-13
2010-08-10,51.91,52.48,51.689999,52.220001,40.470698999999996,8845800,2010,2010-08-13
2010-08-11,51.619999,51.619999,50.98,51.02,39.771060999999996,11306300,2010,2010-08-13
2010-08-12,50.560001,50.779999,50.009997999999996,50.43,39.311157,12796900,2010,2010-08-13
2010-08-13,50.330002,50.740002000000004,50.0,50.400002,39.287766,10095300,2010,2010-08-13
2010-08-16,50.169998,50.57,50.060001,50.41,39.295555,9648700,2010,2010-08-20
2010-08-17,50.790001000000004,51.619999,50.66,51.02,39.771060999999996,16315500,2010,2010-08-20
2010-08-18,51.0,51.32,50.619999,50.860001000000004,39.646347,15745000,2010,2010-08-20
2010-08-19,50.700001,50.959998999999996,50.0,50.060001,39.022728,15634100,2010,2010-08-20
2010-08-20,50.169998,50.470001,50.029999,50.220001,39.147457,11701700,2010,2010-08-20
2010-08-23,50.57,51.5,50.389998999999996,51.139998999999996,39.864616,14657800,2010,2010-08-27
2010-08-24,50.669998,51.720001,50.599998,51.299999,39.989342,16700800,2010,2010-08-27
2010-08-25,51.25,51.790001000000004,51.09,51.549999,40.184227,14842400,2010,2010-08-27
2010-08-26,51.619999,51.619999,50.75,50.970001,39.732094000000004,11898700,2010,2010-08-27
2010-08-27,51.02,51.25,50.720001,51.0,39.755486,11935000,2010,2010-08-27
2010-08-30,51.02,51.25,50.529999,50.549999,39.40469,8502500,2010,2010-09-03
2010-08-31,50.509997999999996,51.099998,50.119999,50.139998999999996,39.085083000000004,25359400,2010,2010-09-03
2010-09-01,50.490002000000004,51.43,50.459998999999996,51.200001,39.911388,13431500,2010,2010-09-03
2010-09-02,51.119999,51.810001,51.119999,51.759997999999996,40.347919,11206100,2010,2010-09-03
2010-09-03,51.860001000000004,52.09,51.549999,52.040001000000004,40.566177,9613100,2010,2010-09-03
2010-09-07,52.07,52.560001,51.84,51.860001000000004,40.425869,10583800,2010,2010-09-10
2010-09-08,51.889998999999996,51.98,51.52,51.830002,40.402481,8960000,2010,2010-09-10
2010-09-09,52.060001,52.099998,51.84,51.91,40.464844,7289700,2010,2010-09-10
2010-09-10,51.900002,52.07,51.720001,51.970001,40.51162,8160400,2010,2010-09-10
2010-09-13,52.25,52.470001,52.009997999999996,52.209998999999996,40.698692,7868000,2010,2010-09-17
2010-09-14,52.16,53.029999,52.150002,52.66,41.049477,11201400,2010,2010-09-17
2010-09-15,52.470001,53.099998,52.41,52.860001000000004,41.205379,10198100,2010,2010-09-17
2010-09-16,52.66,53.279999,52.549999,53.150002,41.431453999999995,10742700,2010,2010-09-17
2010-09-17,53.169998,53.330002,52.880001,53.009997999999996,41.322319,20799800,2010,2010-09-17
2010-09-20,53.099998,53.669998,53.09,53.540001000000004,41.73547,9260100,2010,2010-09-24
2010-09-21,53.52,53.959998999999996,53.32,53.57,41.75885,9425100,2010,2010-09-24
2010-09-22,53.52,54.0,53.450001,53.82,41.953712,9910000,2010,2010-09-24
2010-09-23,53.73,53.919998,53.529999,53.650002,41.821213,7291200,2010,2010-09-24
2010-09-24,53.950001,54.389998999999996,53.84,54.080002,42.156403000000005,9768400,2010,2010-09-24
2010-09-27,53.91,54.009997999999996,53.470001,53.48,41.688683000000005,8662200,2010,2010-10-01
2010-09-28,53.529999,53.990002000000004,53.049999,53.82,41.953712,11147300,2010,2010-10-01
2010-09-29,53.799999,53.810001,53.110001000000004,53.349998,41.587348999999996,9864100,2010,2010-10-01
2010-09-30,53.529999,53.990002000000004,53.139998999999996,53.52,41.719868,10901000,2010,2010-10-01
2010-10-01,53.599998,53.619999,53.200001,53.360001000000004,41.59515,8229400,2010,2010-10-01
2010-10-04,53.34,53.700001,53.139998999999996,53.57,41.75885,7142500,2010,2010-10-08
2010-10-05,53.939999,54.25,53.830002,54.0,42.09404,10216000,2010,2010-10-08
2010-10-06,53.919998,54.630001,53.900002,54.560001,42.530567,10413800,2010,2010-10-08
2010-10-07,54.66,54.82,54.040001000000004,54.360001000000004,42.374668,7769800,2010,2010-10-08
2010-10-08,54.349998,54.59,54.02,54.41,42.413635,8793600,2010,2010-10-08
2010-10-11,54.52,54.740002000000004,54.43,54.610001000000004,42.569546,7037300,2010,2010-10-15
2010-10-12,54.450001,54.450001,53.75,53.919998,42.031677,15034800,2010,2010-10-15
2010-10-13,54.18,54.52,53.73,53.82,41.953712,13613600,2010,2010-10-15
2010-10-14,53.869999,53.869999,52.93,53.25,41.509396,15546900,2010,2010-10-15
2010-10-15,53.360001000000004,53.580002,53.02,53.349998,41.587348999999996,12559000,2010,2010-10-15
2010-10-18,53.25,53.900002,53.25,53.759997999999996,41.906952000000004,9229900,2010,2010-10-22
2010-10-19,53.450001,53.759997999999996,53.130001,53.32,41.563969,10225000,2010,2010-10-22
2010-10-20,53.290001000000004,53.84,53.25,53.470001,41.680893,9742300,2010,2010-10-22
2010-10-21,53.689999,54.34,53.59,54.029999,42.117428000000004,9602200,2010,2010-10-22
2010-10-22,53.959998999999996,54.099998,53.860001000000004,54.060001,42.140812,5795500,2010,2010-10-22
2010-10-25,54.18,54.400002,53.900002,53.950001,42.055073,7963100,2010,2010-10-29
2010-10-26,53.84,54.73,53.830002,54.560001,42.530567,10293600,2010,2010-10-29
2010-10-27,54.240002000000004,54.630001,53.549999,53.869999,41.992706,13020300,2010,2010-10-29
2010-10-28,54.189999,54.23,53.59,54.080002,42.156403000000005,8183600,2010,2010-10-29
2010-10-29,54.040001000000004,54.59,53.610001000000004,54.169998,42.226551,8032900,2010,2010-10-29
2010-11-01,54.049999,54.5,54.02,54.310001,42.335685999999995,8207500,2010,2010-11-05
2010-11-02,54.549999,54.990002000000004,54.490002000000004,54.790001000000004,42.709854,8849200,2010,2010-11-05
2010-11-03,54.77,54.950001,54.220001,54.91,42.803406,9189200,2010,2010-11-05
2010-11-04,55.0,55.5,54.950001,55.360001000000004,43.154185999999996,13246800,2010,2010-11-05
2010-11-05,55.450001,55.720001,54.900002,55.200001,43.029441999999996,10261400,2010,2010-11-05
2010-11-08,54.91,55.080002,54.509997999999996,54.91,42.803406,9941100,2010,2010-11-12
2010-11-09,55.080002,55.209998999999996,54.830002,55.049999,42.912537,10047100,2010,2010-11-12
2010-11-10,54.759997999999996,54.759997999999996,54.09,54.509997999999996,42.491589000000005,11236900,2010,2010-11-12
2010-11-11,54.52,54.52,53.959998999999996,54.34,42.359077,12566100,2010,2010-11-12
2010-11-12,54.099998,54.34,53.860001000000004,54.130001,42.195377,10677800,2010,2010-11-12
2010-11-15,54.169998,54.349998,53.869999,53.950001,42.055073,11459500,2010,2010-11-19
2010-11-16,54.57,55.349998,54.240002000000004,54.259997999999996,42.296707,23555200,2010,2010-11-19
2010-11-17,54.349998,54.439999,53.560001,53.77,41.914749,14504700,2010,2010-11-19
2010-11-18,54.139998999999996,54.650002,53.900002,53.98,42.078445,11587300,2010,2010-11-19
2010-11-19,54.099998,54.450001,53.950001,54.389998999999996,42.398045,10307500,2010,2010-11-19
2010-11-22,54.200001,54.599998,53.919998,54.380001,42.390254999999996,9501800,2010,2010-11-26
2010-11-23,54.200001,54.259997999999996,53.560001,53.669998,41.836791999999996,13851400,2010,2010-11-26
2010-11-24,53.740002000000004,54.18,53.740002000000004,54.009997999999996,42.101841,10312400,2010,2010-11-26
2010-11-26,53.689999,53.93,53.57,53.740002000000004,41.891365,4155000,2010,2010-11-26
2010-11-29,53.650002,53.919998,53.43,53.849998,41.977112,10787600,2010,2010-12-03
2010-11-30,53.759997999999996,54.43,53.599998,54.09,42.1642,17556900,2010,2010-12-03
2010-12-01,54.419998,54.849998,54.389998999999996,54.700001,42.639694,17882900,2010,2010-12-03
2010-12-02,54.709998999999996,54.900002,54.380001,54.75,42.678692,15774900,2010,2010-12-03
2010-12-03,54.630001,54.759997999999996,54.310001,54.619999,42.577332,10096900,2010,2010-12-03
2010-12-06,54.880001,54.939999,54.470001,54.490002000000004,42.476002,8632900,2010,2010-12-10
2010-12-07,54.540001000000004,55.34,54.540001000000004,55.09,42.943718,15893300,2010,2010-12-10
2010-12-08,54.860001000000004,54.950001,54.450001,54.490002000000004,42.710526,12479700,2010,2010-12-10
2010-12-09,54.720001,54.77,54.32,54.34,42.592953,10732800,2010,2010-12-10
2010-12-10,54.310001,54.400002,54.139998999999996,54.279999,42.545921,12049900,2010,2010-12-10
2010-12-13,54.310001,54.400002,54.0,54.209998999999996,42.491054999999996,11325200,2010,2010-12-17
2010-12-14,54.099998,54.580002,54.02,54.450001,42.679173,10746200,2010,2010-12-17
2010-12-15,54.23,54.34,54.040001000000004,54.23,42.506744,10550200,2010,2010-12-17
2010-12-16,54.09,54.630001,54.0,54.630001,42.820254999999996,12335300,2010,2010-12-17
2010-12-17,54.68,54.75,54.380001,54.41,42.647816,21562200,2010,2010-12-17
2010-12-20,54.560001,54.560001,53.610001000000004,53.77,42.146175,13615600,2010,2010-12-24
2010-12-21,53.759997999999996,53.860001000000004,53.639998999999996,53.650002,42.052124,8291900,2010,2010-12-24
2010-12-22,53.59,53.650002,53.16,53.310001,41.785614,11458800,2010,2010-12-24
2010-12-23,53.169998,53.689999,53.139998999999996,53.599998,42.012935999999996,9061700,2010,2010-12-24
2010-12-27,53.560001,53.73,53.23,53.57,41.989414000000004,5876200,2010,2010-12-31
2010-12-28,53.630001,53.93,53.509997999999996,53.740002000000004,42.122673,6789100,2010,2010-12-31
2010-12-29,53.57,54.259997999999996,53.57,54.080002,42.38916,7628700,2010,2010-12-31
2010-12-30,54.0,54.189999,53.84,54.07,42.381313,6303800,2010,2010-12-31
2010-12-31,53.970001,54.25,53.790001000000004,53.93,42.27158,7093900,2010,2010-12-31
2011-01-03,54.23,54.799999,54.150002,54.560001,42.7654,14298300,2011,2011-01-07
2011-01-04,54.610001000000004,54.880001,54.279999,54.77,42.929992999999996,12154400,2011,2011-01-07
2011-01-05,54.75,55.07,54.32,54.41,42.647816,14215600,2011,2011-01-07
2011-01-06,54.310001,54.380001,53.779999,53.959998999999996,42.295097,15585500,2011,2011-01-07
2011-01-07,53.889998999999996,54.150002,53.759997999999996,54.080002,42.38916,7968600,2011,2011-01-07
2011-01-10,53.650002,54.110001000000004,53.540001000000004,53.73,42.114822,10479300,2011,2011-01-14
2011-01-11,53.950001,54.52,53.73,54.290001000000004,42.553768,12023400,2011,2011-01-14
2011-01-12,54.52,55.32,54.34,54.849998,42.992706,13553300,2011,2011-01-14
2011-01-13,54.700001,55.360001000000004,54.689999,54.790001000000004,42.94566,12865600,2011,2011-01-14
2011-01-14,54.73,54.990002000000004,54.419998,54.810001,42.961353,9285600,2011,2011-01-14
2011-01-18,55.110001000000004,55.400002,54.75,55.139998999999996,43.220015999999994,10534200,2011,2011-01-21
2011-01-19,55.040001000000004,55.150002,54.709998999999996,55.029999,43.133789,9895000,2011,2011-01-21
2011-01-20,55.119999,56.27,55.119999,55.990002000000004,43.886269,19612500,2011,2011-01-21
2011-01-21,56.150002,56.240002000000004,55.380001,55.73,43.682476,12958800,2011,2011-01-21
2011-01-24,55.389998999999996,56.049999,55.299999,56.049999,43.933296,11074200,2011,2011-01-28
2011-01-25,56.119999,57.290001000000004,55.799999,57.259997999999996,44.881721,20481100,2011,2011-01-28
2011-01-26,57.389998999999996,57.75,57.0,57.32,44.928734000000006,13211200,2011,2011-01-28
2011-01-27,57.459998999999996,57.790001000000004,57.02,57.57,45.124702,10173200,2011,2011-01-28
2011-01-28,57.689999,57.900002,56.5,56.700001,44.442776,14598200,2011,2011-01-28
2011-01-31,56.450001,56.560001,55.700001,56.07,43.948975,15688500,2011,2011-02-04
2011-02-01,56.369999,56.580002,55.91,56.330002,44.152771,12851600,2011,2011-02-04
2011-02-02,56.16,56.18,55.650002,55.860001000000004,43.784359,14038600,2011,2011-02-04
2011-02-03,55.919998,56.040001000000004,55.389998999999996,55.919998,43.831387,11283600,2011,2011-02-04
2011-02-04,56.040001000000004,56.099998,55.669998,56.029999,43.917614,7106000,2011,2011-02-04
2011-02-07,56.07,56.240002000000004,55.830002,56.07,43.948975,6720700,2011,2011-02-11
2011-02-08,56.099998,56.470001,55.950001,56.380001,44.191956,8819400,2011,2011-02-11
2011-02-09,56.259997999999996,56.73,56.099998,56.73,44.466282,8581300,2011,2011-02-11
2011-02-10,56.150002,56.16,55.299999,55.59,43.572734999999994,15762000,2011,2011-02-11
2011-02-11,55.529999,55.880001,55.310001,55.689999,43.651123,9582500,2011,2011-02-11
2011-02-14,55.259997999999996,55.310001,54.669998,54.799999,42.953514,16273900,2011,2011-02-18
2011-02-15,54.779999,55.049999,54.509997999999996,54.950001,43.071090999999996,11330700,2011,2011-02-18
2011-02-16,54.900002,55.200001,54.43,54.549999,42.757565,15397100,2011,2011-02-18
2011-02-17,54.52,54.900002,54.349998,54.75,42.91433,8539000,2011,2011-02-18
2011-02-18,54.68,55.57,54.5,55.380001,43.408122999999996,19974600,2011,2011-02-18
2011-02-22,53.810001,54.009997999999996,52.950001,53.669998,42.067791,28696600,2011,2011-02-25
2011-02-23,53.459998999999996,53.599998,52.900002,53.029999,41.566151,20118600,2011,2011-02-25
2011-02-24,53.130001,53.169998,51.880001,52.09,40.829357,23538700,2011,2011-02-25
2011-02-25,52.09,52.169998,51.52,51.75,40.562862,20322800,2011,2011-02-25
2011-02-28,51.75,52.43,51.68,51.98,40.743126000000004,17901500,2011,2011-03-04
2011-03-01,52.16,52.599998,51.950001,52.07,40.813679,17644000,2011,2011-03-04
2011-03-02,52.27,52.369999,51.720001,51.970001,40.735298,11144200,2011,2011-03-04
2011-03-03,52.189999,52.27,51.700001,52.009997999999996,40.766636,12514000,2011,2011-03-04
2011-03-04,52.400002,52.490002000000004,51.73,52.07,40.813679,15726000,2011,2011-03-04
2011-03-07,52.259997999999996,52.290001000000004,51.75,52.02,40.77449,13031200,2011,2011-03-11
2011-03-08,52.099998,52.540001000000004,52.009997999999996,52.439999,41.103695,11915500,2011,2011-03-11
2011-03-09,52.27,52.84,52.220001,52.669998,41.573334,11383000,2011,2011-03-11
2011-03-10,52.349998,53.880001,52.259997999999996,52.650002,41.557552,18311300,2011,2011-03-11
2011-03-11,52.639998999999996,52.950001,52.139998999999996,52.59,41.510185,14539300,2011,2011-03-11
2011-03-14,52.349998,52.52,52.060001,52.32,41.297092,10216400,2011,2011-03-18
2011-03-15,51.77,52.349998,51.380001,52.060001,41.091839,13856600,2011,2011-03-18
2011-03-16,51.52,51.869999,50.970001,51.380001,40.555115,16404800,2011,2011-03-18
2011-03-17,51.740002000000004,51.869999,51.040001000000004,51.369999,40.547211,10882700,2011,2011-03-18
2011-03-18,51.630001,51.889998999999996,51.25,51.52,40.665619,11805200,2011,2011-03-18
2011-03-21,51.73,52.0,51.68,51.919998,40.981346,8716700,2011,2011-03-25
2011-03-22,51.970001,52.139998999999996,51.790001000000004,52.0,41.044487,8428000,2011,2011-03-25
2011-03-23,51.849998,51.880001,51.380001,51.639998999999996,40.760338,13529000,2011,2011-03-25
2011-03-24,51.830002,52.950001,51.77,52.59,41.510185,15069300,2011,2011-03-25
2011-03-25,52.560001,52.669998,52.279999,52.349998,41.320751,7612600,2011,2011-03-25
2011-03-28,52.310001,52.5,52.009997999999996,52.189999,41.194462,8354700,2011,2011-04-01
2011-03-29,52.049999,52.380001,52.040001000000004,52.259997999999996,41.249706,8709700,2011,2011-04-01
2011-03-30,52.529999,52.740002000000004,52.080002,52.360001000000004,41.328651,8553400,2011,2011-04-01
2011-03-31,52.150002,52.32,51.889998999999996,52.049999,41.08395,10899700,2011,2011-04-01
2011-04-01,52.25,52.360001000000004,51.919998,52.130001,41.147102000000004,7959900,2011,2011-04-01
2011-04-04,52.310001,52.830002,52.060001,52.650002,41.557552,9220100,2011,2011-04-08
2011-04-05,52.700001,53.189999,52.669998,52.740002000000004,41.62859,8868400,2011,2011-04-08
2011-04-06,52.669998,53.209998999999996,52.669998,52.98,41.818020000000004,8365100,2011,2011-04-08
2011-04-07,52.849998,53.240002000000004,52.75,53.0,41.833809,12167100,2011,2011-04-08
2011-04-08,53.009997999999996,53.150002,52.27,52.540001000000004,41.470721999999995,9733300,2011,2011-04-08
2011-04-11,52.540001000000004,52.919998,52.400002,52.82,41.691734000000004,7466700,2011,2011-04-15
2011-04-12,52.689999,53.75,52.669998,53.52,42.244254999999995,13416300,2011,2011-04-15
2011-04-13,53.720001,53.959998999999996,53.5,53.630001,42.331084999999995,8596300,2011,2011-04-15
2011-04-14,53.48,53.740002000000004,53.220001,53.5,42.22847,7414800,2011,2011-04-15
2011-04-15,53.549999,53.689999,53.299999,53.549999,42.267928999999995,8714600,2011,2011-04-15
2011-04-18,53.080002,53.650002,52.91,53.310001,42.078487,9507400,2011,2011-04-22
2011-04-19,53.259997999999996,53.470001,53.099998,53.349998,42.110062,6147800,2011,2011-04-22
2011-04-20,53.75,53.950001,53.639998999999996,53.689999,42.378433,7400800,2011,2011-04-22
2011-04-21,53.82,53.93,53.419998,53.580002,42.291615,5853300,2011,2011-04-22
2011-04-25,53.599998,53.66,53.23,53.369999,42.125851000000004,5813800,2011,2011-04-29
2011-04-26,53.389998999999996,54.23,53.279999,53.91,42.552085999999996,11991200,2011,2011-04-29
2011-04-27,53.880001,54.610001000000004,53.880001,54.419998,42.954651,9716100,2011,2011-04-29
2011-04-28,54.290001000000004,54.799999,54.279999,54.689999,43.167747,9824600,2011,2011-04-29
2011-04-29,54.41,55.16,54.330002,54.98,43.396656,9815200,2011,2011-04-29
2011-05-02,55.080002,55.080002,54.669998,55.040001000000004,43.444023,8176700,2011,2011-05-06
2011-05-03,55.080002,55.77,54.959998999999996,55.459998999999996,43.775532,11122600,2011,2011-05-06
2011-05-04,55.310001,55.790001000000004,55.200001,55.369999,43.704491,8163800,2011,2011-05-06
2011-05-05,55.150002,55.599998,54.889998999999996,55.07,43.467693,11130100,2011,2011-05-06
2011-05-06,55.299999,55.549999,54.860001000000004,55.02,43.42823,8042600,2011,2011-05-06
2011-05-09,54.970001,55.360001000000004,54.700001,55.099998,43.491375,6546500,2011,2011-05-13
2011-05-10,55.150002,55.599998,55.099998,55.529999,43.830776,8755100,2011,2011-05-13
2011-05-11,55.110001000000004,55.610001000000004,55.040001000000004,55.169998,43.834747,9422200,2011,2011-05-13
2011-05-12,55.240002000000004,55.830002,54.91,55.720001,44.271747999999995,8950000,2011,2011-05-13
2011-05-13,55.77,56.029999,55.34,55.720001,44.271747999999995,8952500,2011,2011-05-13
2011-05-16,55.610001000000004,56.470001,55.48,56.060001,44.541893,14173500,2011,2011-05-20
2011-05-17,55.560001,56.290001000000004,55.240002000000004,55.540001000000004,44.128731,14590500,2011,2011-05-20
2011-05-18,55.5,55.540001000000004,54.950001,55.18,43.842712,11416100,2011,2011-05-20
2011-05-19,55.23,55.599998,55.040001000000004,55.48,44.081055,7691800,2011,2011-05-20
2011-05-20,55.549999,55.689999,55.18,55.290001000000004,43.930096,8798900,2011,2011-05-20
2011-05-23,54.990002000000004,55.5,54.990002000000004,55.220001,43.874477,7339400,2011,2011-05-27
2011-05-24,55.240002000000004,55.310001,54.610001000000004,54.779999,43.524879,12240600,2011,2011-05-27
2011-05-25,54.630001,54.700001,54.200001,54.560001,43.350094,10197800,2011,2011-05-27
2011-05-26,54.529999,54.700001,54.189999,54.619999,43.397755,5771700,2011,2011-05-27
2011-05-27,54.75,55.09,54.619999,54.700001,43.461323,5315500,2011,2011-05-27
2011-05-31,54.880001,55.220001,54.810001,55.220001,43.874477,8901100,2011,2011-06-03
2011-06-01,54.98,55.169998,54.25,54.299999,43.143501,11181600,2011,2011-06-03
2011-06-02,54.209998999999996,54.209998999999996,53.150002,53.549999,42.547596,14784900,2011,2011-06-03
2011-06-03,53.150002,53.849998,53.040001000000004,53.66,42.635002,13287400,2011,2011-06-03
2011-06-06,53.860001000000004,54.189999,53.5,53.759997999999996,42.714451000000004,11242300,2011,2011-06-10
2011-06-07,53.939999,54.299999,53.77,53.830002,42.770061,9908300,2011,2011-06-10
2011-06-08,53.610001000000004,53.919998,53.43,53.689999,42.658848,11660600,2011,2011-06-10
2011-06-09,53.73,54.23,53.610001000000004,53.619999,42.603218,11340800,2011,2011-06-10
2011-06-10,53.669998,53.84,52.689999,52.720001,41.88813,14585400,2011,2011-06-10
2011-06-13,52.91,53.25,52.580002,52.619999,41.808678,12545100,2011,2011-06-17
2011-06-14,52.860001000000004,53.259997999999996,52.77,52.91,42.039103999999995,8797400,2011,2011-06-17
2011-06-15,52.639998999999996,52.639998999999996,51.790001000000004,52.32,41.570309,15324000,2011,2011-06-17
2011-06-16,52.459998999999996,52.970001,52.200001,52.830002,41.975533,11743700,2011,2011-06-17
2011-06-17,53.060001,53.290001000000004,52.82,52.82,41.967583000000005,20564300,2011,2011-06-17
2011-06-20,52.700001,53.5,52.700001,53.040001000000004,42.142390999999996,15198100,2011,2011-06-24
2011-06-21,53.099998,53.290001000000004,52.75,53.290001000000004,42.341026,10891000,2011,2011-06-24
2011-06-22,53.099998,53.290001000000004,52.830002,53.009997999999996,42.118553000000006,10582500,2011,2011-06-24
2011-06-23,53.360001000000004,53.700001,52.669998,53.290001000000004,42.341026,18154400,2011,2011-06-24
2011-06-24,53.189999,53.419998,52.349998,52.41,41.641815,20767100,2011,2011-06-24
2011-06-27,52.32,52.759997999999996,52.27,52.290001000000004,41.546471000000004,10167000,2011,2011-07-01
2011-06-28,52.439999,52.529999,52.139998999999996,52.529999,41.737175,10987700,2011,2011-07-01
2011-06-29,52.619999,52.790001000000004,52.43,52.639998999999996,41.824574,8866800,2011,2011-07-01
2011-06-30,52.66,53.16,52.549999,53.139998999999996,42.221835999999996,9984300,2011,2011-07-01
2011-07-01,53.189999,53.650002,53.0,53.509997999999996,42.51582,9479800,2011,2011-07-01
2011-07-05,53.34,53.560001,53.02,53.389998999999996,42.420466999999995,9212500,2011,2011-07-08
2011-07-06,53.43,53.950001,53.43,53.720001,42.682652000000004,8078200,2011,2011-07-08
2011-07-07,54.57,54.810001,54.189999,54.490002000000004,43.294464000000005,12820300,2011,2011-07-08
2011-07-08,54.25,54.32,53.77,54.080002,42.968703999999995,9133300,2011,2011-07-08
2011-07-11,53.82,54.080002,53.700001,53.869999,42.801853,7548400,2011,2011-07-15
2011-07-12,53.860001000000004,54.419998,53.759997999999996,53.939999,42.857468,9485700,2011,2011-07-15
2011-07-13,54.07,54.27,53.84,54.02,42.921021,10153400,2011,2011-07-15
2011-07-14,53.52,53.700001,53.380001,53.630001,42.611164,15522100,2011,2011-07-15
2011-07-15,53.73,53.970001,53.459998999999996,53.630001,42.611164,10183500,2011,2011-07-15
2011-07-18,53.41,53.540001000000004,53.18,53.32,42.364853000000004,8219400,2011,2011-07-22
2011-07-19,53.400002,54.029999,53.34,53.970001,42.881302000000005,8585400,2011,2011-07-22
2011-07-20,53.91,53.970001,53.599998,53.889998999999996,42.817741,8857900,2011,2011-07-22
2011-07-21,54.0,54.689999,53.91,54.470001,43.278576,10610600,2011,2011-07-22
2011-07-22,54.580002,54.720001,54.25,54.52,43.318306,6802500,2011,2011-07-22
2011-07-25,54.029999,54.400002,53.950001,53.970001,42.881302000000005,8177600,2011,2011-07-29
2011-07-26,54.029999,54.09,53.509997999999996,53.59,42.579384000000005,10931400,2011,2011-07-29
2011-07-27,53.439999,53.75,53.169998,53.25,42.309242,12200100,2011,2011-07-29
2011-07-28,53.310001,53.549999,52.970001,52.990002000000004,42.102661,8908600,2011,2011-07-29
2011-07-29,52.779999,53.150002,52.669998,52.709998999999996,41.880177,13193200,2011,2011-07-29
2011-08-01,52.790001000000004,52.990002000000004,52.07,52.619999,41.808678,10688000,2011,2011-08-05
2011-08-02,52.240002000000004,52.549999,51.669998,51.68,41.061809999999994,15239600,2011,2011-08-05
2011-08-03,51.759997999999996,52.049999,51.009997999999996,51.279999,40.743988,21455400,2011,2011-08-05
2011-08-04,50.990002000000004,50.990002000000004,50.07,50.099998,39.806430999999996,26071200,2011,2011-08-05
2011-08-05,50.59,50.919998,49.59,50.849998,40.402328000000004,27298900,2011,2011-08-05
2011-08-08,50.799999,51.330002,48.77,48.919998,38.868881,33042900,2011,2011-08-12
2011-08-09,49.34,50.91,48.669998,50.82,40.37849,23988900,2011,2011-08-12
2011-08-10,50.02,50.060001,48.310001,48.41,38.741917,27002900,2011,2011-08-12
2011-08-11,48.849998,50.400002,48.849998,49.73,39.798294,21599500,2011,2011-08-12
2011-08-12,50.099998,50.310001,49.279999,49.75,39.814308000000004,15160400,2011,2011-08-12
2011-08-15,49.880001,50.080002,49.290001000000004,49.98,39.998367,14829700,2011,2011-08-19
2011-08-16,51.439999,52.48,51.119999,51.919998,41.550926000000004,25595500,2011,2011-08-19
2011-08-17,51.720001,52.18,51.16,51.549999,41.254822,15513400,2011,2011-08-19
2011-08-18,50.509997999999996,51.950001,50.310001,51.790001000000004,41.446892,25045700,2011,2011-08-19
2011-08-19,51.490002000000004,52.740002000000004,51.48,52.299999,41.855038,23035700,2011,2011-08-19
2011-08-22,52.240002000000004,52.639998999999996,52.080002,52.189999,41.767002000000005,13771300,2011,2011-08-26
2011-08-23,52.16,53.209998999999996,52.130001,53.209998999999996,42.583294,17170000,2011,2011-08-26
2011-08-24,53.02,53.419998,52.810001,53.369999,42.711334,11395700,2011,2011-08-26
2011-08-25,53.380001,53.490002000000004,52.549999,52.700001,42.175152000000004,10970800,2011,2011-08-26
2011-08-26,52.790001000000004,53.240002000000004,51.950001,52.900002,42.335213,10460200,2011,2011-08-26
2011-08-29,53.110001000000004,53.439999,53.0,53.189999,42.567284,8477000,2011,2011-09-02
2011-08-30,52.860001000000004,53.130001,52.41,52.82,42.271179,13484200,2011,2011-09-02
2011-08-31,53.0,53.380001,52.860001000000004,53.189999,42.567284,13230200,2011,2011-09-02
2011-09-01,53.200001,53.549999,52.650002,52.650002,42.135135999999996,12492600,2011,2011-09-02
2011-09-02,52.25,52.639998999999996,51.970001,52.029999,41.638969,10809500,2011,2011-09-02
2011-09-06,51.48,51.790001000000004,50.869999,51.68,41.358852,17114400,2011,2011-09-09
2011-09-07,52.049999,52.560001,51.849998,52.419998,41.951065,10403500,2011,2011-09-09
2011-09-08,52.080002,52.75,52.060001,52.209998999999996,41.783004999999996,11602500,2011,2011-09-09
2011-09-09,51.900002,52.18,51.200001,51.360001000000004,41.102764,12027800,2011,2011-09-09
2011-09-12,50.849998,51.830002,50.82,51.82,41.470894,11229300,2011,2011-09-16
2011-09-13,51.790001000000004,51.799999,51.220001,51.59,41.286839,10770800,2011,2011-09-16
2011-09-14,51.709998999999996,52.790001000000004,51.580002,52.200001,41.775005,12507600,2011,2011-09-16
2011-09-15,52.220001,52.509997999999996,51.939999,52.509997999999996,42.023094,10999200,2011,2011-09-16
2011-09-16,52.75,53.150002,52.549999,52.650002,42.135135999999996,35684600,2011,2011-09-16
2011-09-19,52.18,52.619999,52.040001000000004,52.450001,41.975097999999996,9028900,2011,2011-09-23
2011-09-20,52.439999,52.919998,52.169998,52.290001000000004,41.847023,8421200,2011,2011-09-23
2011-09-21,52.360001000000004,52.59,51.290001000000004,51.32,41.070755,10473900,2011,2011-09-23
2011-09-22,50.650002,51.23,49.939999,50.279999,40.238457000000004,21320300,2011,2011-09-23
2011-09-23,50.18,50.959998999999996,50.029999,50.799999,40.654598,12703000,2011,2011-09-23
2011-09-26,50.939999,51.849998,50.799999,51.830002,41.478912,11360600,2011,2011-09-30
2011-09-27,52.360001000000004,52.860001000000004,51.799999,52.029999,41.638969,11492500,2011,2011-09-30
2011-09-28,52.119999,52.419998,51.290001000000004,51.310001,41.062763000000004,11460200,2011,2011-09-30
2011-09-29,51.810001,52.400002,51.32,51.93,41.558937,10344400,2011,2011-09-30
2011-09-30,51.849998,52.59,51.709998999999996,51.900002,41.534927,13619300,2011,2011-09-30
2011-10-03,51.880001,52.919998,51.849998,51.959998999999996,41.582943,15500200,2011,2011-10-07
2011-10-04,51.740002000000004,52.98,51.630001,52.880001,42.319214,18697500,2011,2011-10-07
2011-10-05,52.700001,53.25,52.130001,52.650002,42.135135999999996,13604500,2011,2011-10-07
2011-10-06,52.740002000000004,52.900002,52.330002,52.75,42.215168,10021200,2011,2011-10-07
2011-10-07,53.080002,54.029999,52.900002,53.700001,42.975437,13912900,2011,2011-10-07
2011-10-10,54.189999,55.18,54.189999,54.810001,43.863766,12188400,2011,2011-10-14
2011-10-11,54.779999,54.790001000000004,54.389998999999996,54.720001,43.791737,10213500,2011,2011-10-14
2011-10-12,55.049999,56.389998999999996,55.0,55.200001,44.175865,22097300,2011,2011-10-14
2011-10-13,55.040001000000004,55.310001,54.720001,55.02,44.031822,10501100,2011,2011-10-14
2011-10-14,55.279999,55.470001,54.630001,55.459998999999996,44.383934,10706000,2011,2011-10-14
2011-10-17,54.790001000000004,55.459998999999996,54.48,54.779999,43.839748,8970200,2011,2011-10-21
2011-10-18,54.939999,56.189999,54.810001,55.889998999999996,44.728069,14070400,2011,2011-10-21
2011-10-19,55.709998999999996,56.43,55.700001,56.25,45.016163,12985200,2011,2011-10-21
2011-10-20,56.200001,56.880001,56.049999,56.369999,45.112213,12645800,2011,2011-10-21
2011-10-21,56.740002000000004,57.419998,56.650002,56.919998,45.552364000000004,14498600,2011,2011-10-21
2011-10-24,56.880001,57.0,56.599998,56.779999,45.440323,9279500,2011,2011-10-28
2011-10-25,56.66,57.150002,56.549999,56.709998999999996,45.3843,10104300,2011,2011-10-28
2011-10-26,57.099998,57.439999,56.599998,57.369999,45.912490999999996,12724700,2011,2011-10-28
2011-10-27,57.799999,57.959998999999996,57.450001,57.810001,46.264626,15325500,2011,2011-10-28
2011-10-28,57.849998,57.869999,56.959998999999996,57.150002,45.736427,11292800,2011,2011-10-28
2011-10-31,56.580002,57.290001000000004,56.580002,56.720001,45.392296,9480900,2011,2011-11-04
2011-11-01,55.82,56.740002000000004,55.68,56.23,45.000164,13788100,2011,2011-11-04
2011-11-02,56.77,57.189999,56.540001000000004,56.860001000000004,45.504345,8920300,2011,2011-11-04
2011-11-03,57.049999,57.529999,56.599998,57.419998,45.952498999999996,9575600,2011,2011-11-04
2011-11-04,57.080002,57.5,56.900002,57.5,46.016541,7006100,2011,2011-11-04
2011-11-07,57.34,57.959998999999996,57.049999,57.939999,46.36866,8520100,2011,2011-11-11
2011-11-08,58.02,59.400002,57.849998,59.32,47.473053,20104300,2011,2011-11-11
2011-11-09,58.529999,58.93,57.599998,58.049999,46.456696,13946800,2011,2011-11-11
2011-11-10,58.330002,58.490002000000004,57.509997999999996,58.130001,46.520718,9410000,2011,2011-11-11
2011-11-11,58.509997999999996,59.25,58.380001,59.200001,47.377022,8397900,2011,2011-11-11
2011-11-14,58.810001,58.98,58.360001000000004,58.889998999999996,47.128929,10552100,2011,2011-11-18
2011-11-15,57.970001,58.049999,57.23,57.459998999999996,45.984528000000005,16005900,2011,2011-11-18
2011-11-16,57.099998,57.419998,56.639998999999996,56.68,45.360302000000004,11780800,2011,2011-11-18
2011-11-17,56.540001000000004,57.189999,56.259997999999996,56.73,45.400314,10223800,2011,2011-11-18
2011-11-18,57.029999,57.360001000000004,56.610001000000004,57.23,45.800449,8982300,2011,2011-11-18
2011-11-21,56.93,57.290001000000004,56.380001,56.66,45.344284,9932200,2011,2011-11-25
2011-11-22,56.560001,57.130001,56.5,56.849998,45.496342,7497300,2011,2011-11-25
2011-11-23,56.650002,57.0,56.32,56.639998999999996,45.328297,8260400,2011,2011-11-25
2011-11-25,56.689999,57.330002,56.689999,56.889998999999996,45.528343,4258800,2011,2011-11-25
2011-11-28,57.529999,58.0,57.0,57.25,45.816466999999996,9288100,2011,2011-12-02
2011-11-29,57.34,58.299999,57.34,58.169998,46.552719,10817200,2011,2011-12-02
2011-11-30,58.759997999999996,59.0,58.310001,58.900002,47.136928999999995,14845200,2011,2011-12-02
2011-12-01,58.639998999999996,59.150002,58.459998999999996,58.610001000000004,46.904839,8787300,2011,2011-12-02
2011-12-02,58.880001,58.970001,58.040001000000004,58.09,46.488701,11199100,2011,2011-12-02
2011-12-05,58.259997999999996,58.509997999999996,58.0,58.34,46.688765999999994,10515200,2011,2011-12-09
2011-12-06,58.57,59.009997999999996,58.400002,58.779999,47.040894,11401600,2011,2011-12-09
2011-12-07,58.349998,59.200001,58.259997999999996,58.509997999999996,47.117397,15754600,2011,2011-12-09
2011-12-08,58.389998999999996,58.549999,57.869999,57.98,46.690605,10350300,2011,2011-12-09
2011-12-09,58.16,58.490002000000004,57.470001,58.32,46.964394,10058900,2011,2011-12-09
2011-12-12,57.869999,58.439999,57.759997999999996,58.09,46.779179,10037100,2011,2011-12-16
2011-12-13,58.130001,58.349998,57.419998,57.599998,46.38459,10972100,2011,2011-12-16
2011-12-14,57.720001,58.119999,57.52,57.650002,46.424853999999996,8984200,2011,2011-12-16
2011-12-15,57.830002,58.400002,57.830002,57.950001,46.666451,8557400,2011,2011-12-16
2011-12-16,58.299999,58.490002000000004,58.09,58.27,46.924129,14913900,2011,2011-12-16
2011-12-19,58.299999,58.57,57.610001000000004,57.779999,46.529533,7235400,2011,2011-12-23
2011-12-20,58.369999,59.27,58.240002000000004,59.189999,47.664993,11067400,2011,2011-12-23
2011-12-21,59.189999,59.66,59.16,59.389998999999996,47.826046000000005,8574500,2011,2011-12-23
2011-12-22,59.41,59.540001000000004,59.049999,59.189999,47.664993,7901700,2011,2011-12-23
2011-12-23,59.32,60.0,59.139998999999996,59.990002000000004,48.309227,6190600,2011,2011-12-23
2011-12-27,59.950001,59.98,59.66,59.830002,48.180374,4866400,2011,2011-12-30
2011-12-28,59.77,59.939999,59.630001,59.73,48.099857,5241700,2011,2011-12-30
2011-12-29,59.720001,59.990002000000004,59.34,59.990002000000004,48.309227,6332200,2011,2011-12-30
2011-12-30,59.889998999999996,59.939999,59.689999,59.759997999999996,48.124008,4665300,2011,2011-12-30
2012-01-03,59.970001,61.060001,59.869999,60.330002,48.583038,12668800,2012,2012-01-06
2012-01-04,60.209998999999996,60.349998,59.470001,59.709998999999996,48.083748,9593300,2012,2012-01-06
2012-01-05,59.349998,59.619999,58.369999,59.419998,47.850215999999996,12768200,2012,2012-01-06
2012-01-06,59.419998,59.450001,58.869999,59.0,47.511986,8069400,2012,2012-01-06
2012-01-09,59.029999,59.549999,58.919998,59.18,47.656940000000006,6679300,2012,2012-01-13
2012-01-10,59.43,59.709998999999996,58.98,59.040001000000004,47.544201,6907300,2012,2012-01-13
2012-01-11,59.060001,59.529999,59.040001000000004,59.400002,47.834099,6365600,2012,2012-01-13
2012-01-12,59.790001000000004,60.0,59.400002,59.5,47.914631,7236400,2012,2012-01-13
2012-01-13,59.18,59.610001000000004,59.009997999999996,59.540001000000004,47.946853999999995,7729300,2012,2012-01-13
2012-01-17,59.869999,60.110001000000004,59.52,59.849998,48.196495,8500000,2012,2012-01-20
2012-01-18,59.790001000000004,60.029999,59.650002,60.009997999999996,48.325336,5911400,2012,2012-01-20
2012-01-19,59.93,60.73,59.75,60.610001000000004,48.808502000000004,9234600,2012,2012-01-20
2012-01-20,60.75,61.25,60.669998,61.009997999999996,49.130611,10378800,2012,2012-01-20
2012-01-23,60.810001,60.98,60.509997999999996,60.91,49.050090999999995,7134100,2012,2012-01-27
2012-01-24,60.75,62.0,60.75,61.389998999999996,49.43663,7362800,2012,2012-01-27
2012-01-25,61.18,61.610001000000004,61.040001000000004,61.470001,49.501057,5915800,2012,2012-01-27
2012-01-26,61.799999,61.84,60.77,60.970001,49.098408,7436200,2012,2012-01-27
2012-01-27,60.860001000000004,61.119999,60.540001000000004,60.709998999999996,48.889034,6287300,2012,2012-01-27
2012-01-30,60.470001,61.32,60.349998,61.299999,49.364155,7636900,2012,2012-02-03
2012-01-31,61.529999,61.57,60.580002,61.360001000000004,49.412476,9761500,2012,2012-02-03
2012-02-01,61.790001000000004,62.630001,61.790001000000004,62.18,50.072815000000006,12130600,2012,2012-02-03
2012-02-02,62.400002,62.470001,61.82,61.939999,49.879543,6211300,2012,2012-02-03
2012-02-03,62.32,62.43,61.700001,62.029999,49.952015,7727200,2012,2012-02-03
2012-02-06,61.849998,61.98,61.700001,61.880001,49.83123,5480600,2012,2012-02-10
2012-02-07,61.619999,61.900002,61.619999,61.689999,49.678211,6084400,2012,2012-02-10
2012-02-08,61.91,62.02,61.23,61.619999,49.621838000000004,7260000,2012,2012-02-10
2012-02-09,61.580002,62.16,61.580002,61.959998999999996,49.895645,6453100,2012,2012-02-10
2012-02-10,61.68,61.91,61.380001,61.900002,49.847332,5501000,2012,2012-02-10
2012-02-13,62.009997999999996,62.080002,61.73,61.790001000000004,49.758747,4175000,2012,2012-02-17
2012-02-14,61.91,62.240002000000004,61.790001000000004,62.220001,50.105011,5173100,2012,2012-02-17
2012-02-15,62.32,62.439999,61.59,61.759997999999996,49.734581,5833700,2012,2012-02-17
2012-02-16,61.77,62.189999,61.700001,62.040001000000004,49.960064,7256400,2012,2012-02-17
2012-02-17,62.32,62.57,61.91,62.48,50.3144,8191800,2012,2012-02-17
2012-02-21,60.330002,60.5,59.669998,60.07,48.373661,23894800,2012,2012-02-24
2012-02-22,59.580002,59.900002,58.369999,58.599998,47.189877,28630200,2012,2012-02-24
2012-02-23,58.59,58.900002,58.209998999999996,58.540001000000004,47.141552000000004,14880300,2012,2012-02-24
2012-02-24,58.75,58.950001,58.5,58.790001000000004,47.342888,9925900,2012,2012-02-24
2012-02-27,58.700001,58.779999,58.290001000000004,58.459998999999996,47.077133,12258800,2012,2012-03-02
2012-02-28,58.439999,59.099998,58.349998,58.93,47.455627,10761900,2012,2012-03-02
2012-02-29,58.84,59.330002,58.720001,59.080002,47.576415999999995,11484400,2012,2012-03-02
2012-03-01,59.360001000000004,59.419998,58.639998999999996,58.82,47.367043,16283900,2012,2012-03-02
2012-03-02,58.990002000000004,59.279999,58.799999,59.009997999999996,47.520046,9848100,2012,2012-03-02
2012-03-05,58.959998999999996,59.59,58.75,59.400002,47.834099,9651000,2012,2012-03-09
2012-03-06,59.040001000000004,59.220001,58.75,58.970001,47.487839,9057100,2012,2012-03-09
2012-03-07,59.110001000000004,59.860001000000004,59.110001000000004,59.860001000000004,48.20454,14916900,2012,2012-03-09
2012-03-08,59.84,59.950001,59.450001,59.77,48.453819,7795600,2012,2012-03-09
2012-03-09,59.830002,60.200001,59.830002,60.080002,48.705139,6292900,2012,2012-03-09
2012-03-12,60.169998,60.900002,60.09,60.68,49.191532,7576800,2012,2012-03-16
2012-03-13,60.93,61.080002,60.52,61.0,49.450958,8734600,2012,2012-03-16
2012-03-14,60.84,61.150002,60.689999,61.080002,49.5158,6375000,2012,2012-03-16
2012-03-15,60.889998999999996,61.259997999999996,60.779999,61.23,49.637405,6755000,2012,2012-03-16
2012-03-16,61.41,61.470001,60.77,60.84,49.321239,12077100,2012,2012-03-16
2012-03-19,60.580002,60.880001,60.459998999999996,60.740002000000004,49.24017,8251900,2012,2012-03-23
2012-03-20,60.330002,60.860001000000004,60.290001000000004,60.599998,49.126686,7911500,2012,2012-03-23
2012-03-21,60.450001,60.720001,60.369999,60.560001,49.094273,7302800,2012,2012-03-23
2012-03-22,60.23,60.77,60.23,60.650002,49.167217,5710800,2012,2012-03-23
2012-03-23,60.610001000000004,60.849998,60.41,60.75,49.248287,6957700,2012,2012-03-23
2012-03-26,60.900002,61.32,60.759997999999996,61.200001,49.613091,6214800,2012,2012-03-30
2012-03-27,61.349998,61.5,61.02,61.09,49.523911,7351600,2012,2012-03-30
2012-03-28,61.150002,61.48,60.98,61.189999,49.604973,7124000,2012,2012-03-30
2012-03-29,60.77,60.950001,60.619999,60.82,49.305023,6691700,2012,2012-03-30
2012-03-30,61.07,61.419998,60.919998,61.200001,49.613091,6941400,2012,2012-03-30
2012-04-02,61.080002,61.490002000000004,60.970001,61.360001000000004,49.742785999999995,6465900,2012,2012-04-06
2012-04-03,61.139998999999996,61.41,60.240002000000004,60.650002,49.167217,11180100,2012,2012-04-06
2012-04-04,60.529999,60.59,60.02,60.259997999999996,48.851059,10851700,2012,2012-04-06
2012-04-05,60.200001,60.689999,60.07,60.669998,49.183422,6528700,2012,2012-04-06
2012-04-09,60.220001,60.34,60.080002,60.130001,48.745667,6831700,2012,2012-04-13
2012-04-10,60.029999,60.389998999999996,59.549999,59.93,48.583534,9553100,2012,2012-04-13
2012-04-11,60.290001000000004,60.290001000000004,59.66,59.799999,48.478149,7747700,2012,2012-04-13
2012-04-12,59.799999,60.200001,59.560001,60.139998999999996,48.753784,7367700,2012,2012-04-13
2012-04-13,60.0,60.209998999999996,59.75,59.77,48.453819,6692600,2012,2012-04-13
2012-04-16,59.939999,60.810001,59.869999,60.580002,49.110465999999995,6844600,2012,2012-04-20
2012-04-17,61.110001000000004,61.950001,61.09,61.869999,50.156231,10676400,2012,2012-04-20
2012-04-18,61.549999,62.25,61.549999,62.060001,50.310272,7957300,2012,2012-04-20
2012-04-19,61.959998999999996,62.049999,61.470001,61.75,50.058952000000005,6379600,2012,2012-04-20
2012-04-20,61.700001,62.490002000000004,61.66,62.450001,50.626415,8997700,2012,2012-04-20
2012-04-23,59.150002,60.240002000000004,59.130001,59.540001000000004,48.267371999999995,38007300,2012,2012-04-27
2012-04-24,59.259997999999996,59.349998,57.650002,57.77,46.83247,30090600,2012,2012-04-27
2012-04-25,57.91,58.43,57.18,57.360001000000004,46.500107,28011800,2012,2012-04-27
2012-04-26,57.59,59.43,57.57,58.950001,47.789078,25092900,2012,2012-04-27
2012-04-27,59.18,59.459998999999996,58.939999,59.029999,47.85392,9027900,2012,2012-04-27
2012-04-30,58.82,58.990002000000004,58.529999,58.91,47.756638,7482600,2012,2012-05-04
2012-05-01,58.950001,59.27,58.48,59.07,47.886345,9915700,2012,2012-05-04
2012-05-02,58.959998999999996,59.32,58.82,59.009997999999996,47.837719,7347700,2012,2012-05-04
2012-05-03,59.200001,59.200001,58.810001,58.990002000000004,47.821507000000004,6891900,2012,2012-05-04
2012-05-04,58.860001000000004,59.18,58.68,58.700001,47.586407,6944500,2012,2012-05-04
2012-05-07,58.549999,59.360001000000004,58.549999,59.189999,47.983631,8658200,2012,2012-05-11
2012-05-08,59.060001,59.369999,58.630001,59.049999,47.870135999999995,10273300,2012,2012-05-11
2012-05-09,58.48,59.240002000000004,58.27,59.029999,48.178238,11157600,2012,2012-05-11
2012-05-10,59.349998,59.610001000000004,59.09,59.189999,48.308834000000004,7740700,2012,2012-05-11
2012-05-11,59.080002,59.650002,58.810001,59.419998,48.496555,7473600,2012,2012-05-11
2012-05-14,59.09,59.549999,58.919998,59.07,48.210879999999996,6201000,2012,2012-05-18
2012-05-15,58.950001,59.650002,58.950001,59.349998,48.439411,10561400,2012,2012-05-18
2012-05-16,59.529999,59.66,59.150002,59.189999,48.308834000000004,10838100,2012,2012-05-18
2012-05-17,61.34,62.5,61.25,61.68,50.341076,29292400,2012,2012-05-18
2012-05-18,61.869999,62.630001,61.759997999999996,62.43,50.953205,16630700,2012,2012-05-18
2012-05-21,62.380001,63.099998,62.139998999999996,63.040001000000004,51.451057,11149900,2012,2012-05-25
2012-05-22,62.990002000000004,63.950001,62.900002,63.73,52.014214,12074400,2012,2012-05-25
2012-05-23,63.389998999999996,64.690002,63.290001000000004,64.58000200000001,52.707954,15682200,2012,2012-05-25
2012-05-24,64.709999,65.18,64.459999,65.07,53.10788,11302700,2012,2012-05-25
2012-05-25,64.860001,65.5,64.800003,65.309998,53.303761,10179900,2012,2012-05-25
2012-05-29,65.400002,65.760002,65.209999,65.68,53.605751,10036900,2012,2012-06-01
2012-05-30,65.410004,65.949997,65.33000200000001,65.440002,53.409866,9979700,2012,2012-06-01
2012-05-31,65.400002,66.660004,65.379997,65.82,53.719997,16765500,2012,2012-06-01
2012-06-01,65.43,65.879997,65.129997,65.550003,53.499644999999994,15300700,2012,2012-06-01
2012-06-04,65.900002,66.129997,65.400002,65.989998,53.858746,13876800,2012,2012-06-08
2012-06-05,65.739998,65.900002,65.43,65.5,53.458839000000005,9341000,2012,2012-06-08
2012-06-06,65.599998,65.970001,65.459999,65.93,53.809792,10846900,2012,2012-06-08
2012-06-07,66.08000200000001,66.08000200000001,65.779999,65.870003,53.760822,12546700,2012,2012-06-08
2012-06-08,66.190002,68.230003,66.08000200000001,68.220001,55.67881,18012600,2012,2012-06-08
2012-06-11,68.389999,68.480003,67.470001,67.529999,55.115635,10491400,2012,2012-06-15
2012-06-12,67.66999799999999,67.849998,67.300003,67.720001,55.270725,8987800,2012,2012-06-15
2012-06-13,67.589996,67.75,66.959999,67.07,54.740223,10748900,2012,2012-06-15
2012-06-14,67.099998,67.790001,67.089996,67.629997,55.197262,9994400,2012,2012-06-15
2012-06-15,68.050003,68.059998,67.589996,67.75,55.295204000000005,12742000,2012,2012-06-15
2012-06-18,67.470001,68.279999,67.43,68.120003,55.597176,7553500,2012,2012-06-22
2012-06-19,68.089996,68.25,67.699997,67.809998,55.344173,7906000,2012,2012-06-22
2012-06-20,67.860001,68.540001,67.779999,68.519997,55.92365600000001,8989800,2012,2012-06-22
2012-06-21,68.489998,68.660004,67.68,67.699997,55.254394999999995,9843600,2012,2012-06-22
2012-06-22,68.089996,68.349998,67.190002,67.300003,54.927932999999996,11400700,2012,2012-06-22
2012-06-25,67.059998,68.230003,67.059998,68.18,55.646152,11830600,2012,2012-06-29
2012-06-26,68.480003,68.91999799999999,68.25,68.58000200000001,55.972618000000004,10811800,2012,2012-06-29
2012-06-27,68.589996,68.75,68.260002,68.589996,55.980766,8797800,2012,2012-06-29
2012-06-28,67.91999799999999,68.349998,67.489998,68.300003,55.74411,8578400,2012,2012-06-29
2012-06-29,68.940002,69.720001,68.559998,69.720001,56.903042000000006,10663400,2012,2012-06-29
2012-07-02,69.599998,69.949997,69.150002,69.349998,56.60106700000001,10425200,2012,2012-07-06
2012-07-03,69.650002,70.769997,69.300003,70.75,57.743697999999995,9394700,2012,2012-07-06
2012-07-05,70.370003,71.300003,70.370003,71.08000200000001,58.013039,12440500,2012,2012-07-06
2012-07-06,70.730003,71.360001,70.730003,71.360001,58.241566000000006,8009200,2012,2012-07-06
2012-07-09,71.260002,71.760002,71.019997,71.760002,58.568027,11150400,2012,2012-07-13
2012-07-10,71.93,72.58000200000001,71.639999,72.110001,58.853680000000004,13328200,2012,2012-07-13
2012-07-11,72.129997,72.440002,71.779999,72.260002,58.976124,12243900,2012,2012-07-13
2012-07-12,72.07,72.620003,71.639999,72.309998,59.016932999999995,10195800,2012,2012-07-13
2012-07-13,72.269997,73.239998,72.150002,73.18,59.72699,8180100,2012,2012-07-13
2012-07-16,72.91999799999999,73.18,72.58000200000001,72.980003,59.563759,8080600,2012,2012-07-20
2012-07-17,72.900002,73.099998,72.309998,73.099998,59.661697,12176300,2012,2012-07-20
2012-07-18,72.889999,73.459999,72.720001,72.849998,59.457648999999996,9495100,2012,2012-07-20
2012-07-19,72.849998,72.860001,70.230003,71.529999,58.380302,16878000,2012,2012-07-20
2012-07-20,71.459999,72.489998,71.309998,72.25,58.967949,11052000,2012,2012-07-20
2012-07-23,71.620003,71.989998,71.260002,71.849998,58.641491,6656500,2012,2012-07-27
2012-07-24,71.68,72.239998,71.449997,72.139999,58.878166,7475700,2012,2012-07-27
2012-07-25,72.260002,72.459999,71.870003,72.08000200000001,58.829201,6981900,2012,2012-07-27
2012-07-26,72.699997,73.949997,72.690002,73.66999799999999,60.126904,8192400,2012,2012-07-27
2012-07-27,73.839996,74.800003,73.790001,74.519997,60.820620999999996,10861500,2012,2012-07-27
2012-07-30,74.459999,75.239998,74.449997,74.980003,61.196075,9145600,2012,2012-08-03
2012-07-31,74.760002,74.980003,74.43,74.43,60.747181000000005,8322900,2012,2012-08-03
2012-08-01,74.699997,74.790001,73.41999799999999,73.620003,60.086105,9699000,2012,2012-08-03
2012-08-02,73.050003,74.160004,72.940002,74.050003,60.437022999999996,8093000,2012,2012-08-03
2012-08-03,74.739998,74.959999,74.25,74.550003,60.845135,8740000,2012,2012-08-03
2012-08-06,74.91999799999999,74.91999799999999,74.279999,74.279999,60.624767000000006,6117500,2012,2012-08-10
2012-08-07,74.410004,74.599998,73.970001,73.989998,60.388084,7614500,2012,2012-08-10
2012-08-08,73.650002,74.510002,73.43,74.309998,60.976826,6578300,2012,2012-08-10
2012-08-09,74.279999,74.519997,73.760002,73.849998,60.599368999999996,5284700,2012,2012-08-10
2012-08-10,73.849998,74.25,73.43,73.68,60.459892,5644200,2012,2012-08-10
2012-08-13,73.410004,73.690002,73.18,73.400002,60.230125,6301000,2012,2012-08-17
2012-08-14,73.839996,74.269997,73.57,74.010002,60.730667000000004,7242000,2012,2012-08-17
2012-08-15,73.910004,74.519997,73.82,74.449997,61.091708999999994,7774400,2012,2012-08-17
2012-08-16,72.58000200000001,72.75,71.779999,72.150002,59.204391,17813200,2012,2012-08-17
2012-08-17,72.410004,72.690002,71.839996,71.989998,59.073112,9734900,2012,2012-08-17
2012-08-20,72.010002,72.410004,71.660004,72.300003,59.327484,5548700,2012,2012-08-24
2012-08-21,72.300003,72.339996,71.43,71.43,58.613575,7634200,2012,2012-08-24
2012-08-22,71.349998,71.849998,71.349998,71.769997,58.892578,6661000,2012,2012-08-24
2012-08-23,71.800003,71.940002,71.400002,71.559998,58.720264,6005100,2012,2012-08-24
2012-08-24,71.389999,72.199997,71.349998,72.110001,59.171574,5190100,2012,2012-08-24
2012-08-27,72.16999799999999,72.790001,72.07,72.5,59.49160799999999,5766900,2012,2012-08-31
2012-08-28,72.18,72.709999,72.160004,72.410004,59.417747,4822700,2012,2012-08-31
2012-08-29,72.610001,73.019997,72.43,72.769997,59.71315,4230800,2012,2012-08-31
2012-08-30,72.629997,72.75,72.150002,72.25,59.286449,5237200,2012,2012-08-31
2012-08-31,72.589996,72.949997,72.360001,72.599998,59.573662,5885100,2012,2012-08-31
2012-09-04,72.769997,73.839996,72.57,73.510002,60.320362,8524100,2012,2012-09-07
2012-09-05,73.860001,73.949997,73.370003,73.550003,60.35321,7964100,2012,2012-09-07
2012-09-06,73.980003,74.809998,73.839996,74.809998,61.387115,6508500,2012,2012-09-07
2012-09-07,74.699997,74.800003,73.5,73.82,60.57476,6621400,2012,2012-09-07
2012-09-10,73.889999,74.120003,73.5,73.510002,60.320362,6500100,2012,2012-09-14
2012-09-11,73.720001,74.41999799999999,73.550003,74.059998,60.771675,5291400,2012,2012-09-14
2012-09-12,74.059998,74.349998,73.75,74.07,60.779883999999996,4297800,2012,2012-09-14
2012-09-13,73.949997,75.190002,73.949997,75.139999,61.657906000000004,7407400,2012,2012-09-14
2012-09-14,74.839996,74.989998,74.260002,74.5,61.132748,8535700,2012,2012-09-14
2012-09-17,74.360001,74.68,73.870003,73.989998,60.714249,6854600,2012,2012-09-21
2012-09-18,73.849998,74.16999799999999,73.68,73.949997,60.681431,5304100,2012,2012-09-21
2012-09-19,74.25,74.629997,73.989998,74.370003,61.02607,5655900,2012,2012-09-21
2012-09-20,74.32,74.82,74.32,74.75,61.337887,4523200,2012,2012-09-21
2012-09-21,74.959999,75.089996,74.33000200000001,74.449997,61.091708999999994,10562300,2012,2012-09-21
2012-09-24,74.199997,74.959999,74.18,74.739998,61.329685,4413700,2012,2012-09-28
2012-09-25,74.910004,75.050003,74.260002,74.260002,60.935814,6424700,2012,2012-09-28
2012-09-26,74.160004,74.839996,74.139999,74.190002,60.878361,4804900,2012,2012-09-28
2012-09-27,74.370003,74.5,73.83000200000001,73.980003,60.706039000000004,5390100,2012,2012-09-28
2012-09-28,73.860001,74.059998,73.41999799999999,73.800003,60.558333999999995,6021000,2012,2012-09-28
2012-10-01,73.800003,74.489998,73.800003,74.050003,60.763489,4662300,2012,2012-10-05
2012-10-02,73.980003,74.360001,73.629997,73.75,60.51731899999999,4236500,2012,2012-10-05
2012-10-03,74.029999,74.75,73.75,74.199997,60.88658100000001,8164700,2012,2012-10-05
2012-10-04,74.510002,75.010002,74.510002,74.720001,61.31327099999999,5000900,2012,2012-10-05
2012-10-05,74.940002,75.5,74.889999,75.129997,61.649712,5205100,2012,2012-10-05
2012-10-08,75.160004,75.550003,75.059998,75.25,61.748169,4545900,2012,2012-10-12
2012-10-09,75.160004,75.379997,74.129997,74.139999,60.837337,8307300,2012,2012-10-12
2012-10-10,74.650002,76.809998,74.639999,75.41999799999999,61.887688,19364800,2012,2012-10-12
2012-10-11,76.599998,76.610001,74.949997,75.010002,61.551235,8325500,2012,2012-10-12
2012-10-12,75.41999799999999,76.040001,75.300003,75.809998,62.20768,8029300,2012,2012-10-12
2012-10-15,75.870003,77.349998,75.559998,77.150002,63.307266000000006,9669600,2012,2012-10-19
2012-10-16,77.599998,77.599998,76.690002,76.910004,63.11033199999999,6310100,2012,2012-10-19
2012-10-17,77.33000200000001,77.5,76.480003,77.029999,63.208797,7494500,2012,2012-10-19
2012-10-18,77.019997,77.230003,76.16999799999999,76.559998,62.823139000000005,7325700,2012,2012-10-19
2012-10-19,76.58000200000001,76.709999,75.43,75.620003,62.051788,6942500,2012,2012-10-19
2012-10-22,75.68,75.779999,75.089996,75.650002,62.076416,5425400,2012,2012-10-26
2012-10-23,75.050003,75.489998,74.510002,74.760002,61.346095999999996,5833900,2012,2012-10-26
2012-10-24,74.93,75.0,74.519997,74.82,61.395343999999994,4583200,2012,2012-10-26
2012-10-25,75.300003,75.5,74.889999,75.32,61.805626000000004,4432900,2012,2012-10-26
2012-10-26,75.199997,75.41999799999999,74.68,75.110001,61.633316,4446900,2012,2012-10-26
